{"cameraMode":{"drawMode":0,"name":"Shaded","section":"Shading Mode"},"sceneLighting":true,"audioPlay":false,"sceneViewState":{"showFog":true,"showMaterialUpdate":false,"showSkybox":true,"showFlares":true,"showImageEffects":true,"showParticleSystems":true},"in2DMode":false,"pivot":{"x":0.019524509087204934,"y":-0.9854877591133118,"z":11.81911849975586},"rotation":{"x":-0.14205044507980348,"y":0.061425380408763888,"z":-0.008832452818751336,"w":-0.9879124760627747},"size":4.507394790649414,"orthographic":false}